Term	Term Reference*	Notes (Term)	Language ID	Definition*	External cross reference (definition)*	Source (definition)*	Notes (Definition)	Part of speech*	Orthographic variant	Acronym	Abbreviation	Synonym	Quasi synonym	Domain*	Subdomain
ingesta diaria admisible	Organización de las Naciones Unidas para la Alimentación (FAO) y Organización Mundial de la Salud , Informe de la 21ª Reunión del Comité del Codex sobre aditivos alimentarios y contaminantes (https://www.fao.org/input/download/report/17/al9112as.pdf)		ES	Estimación de la cantidad de una sustancia presente en los alimentos o el agua potable que puede consumirse diariamente durante toda la vida sin que se aprecie un riesgo sobre la salud. Generalmente se expresa en miligramos de sustancia por kilogramo de peso corporal al día y se aplica a sustancias químicas como aditivos alimentarios, residuos de plaguicidas y medicamentos veterinarios.	https://www.efsa.europa.eu/es/glossary-taxonomy-terms/i	European Food Safety Authority, Glosario.		NOUN PHRASE		IDA		ingesta diaria aceptable, ingestión diaria admisible		FOOD	Food safety
sustancias activas utilizadas en los productos fitosanitarios	European Food Safety Authority, Evaluaciones de plaguicidas: descripción general y procedimiento (https://www.efsa.europa.eu/es/applications/pesticides)		ES	Los productos fitosanitarios son plaguicidas que se utilizan principalmente para mantener saludables los cultivos y evitar que sean destruidos por enfermedades e infestaciones. Incluyen herbicidas, fungicidas, insecticidas, acaricidas, reguladores del crecimiento de plantas y repelentes.    Los productos fitosanitarios contienen al menos una sustancia activa. Estas sustancias pueden ser sustancias químicas o microorganismos, incluidos virus, que permiten al producto actuar.	https://www.efsa.europa.eu/es/topics/topic/pesticides	European Food Safety Authority, Glosario.		NOUN PHRASE						FOOD	Food safety
exposición aguda	European Food Safety Authority, Evaluación de plaguicidas: Herramientas (https://www.efsa.europa.eu/es/applications/pesticides/tools)		ES	Contacto con una sustancia que ocurre una sola vez o durante un período de tiempo corto, generalmente inferior a 24 horas.	https://www.efsa.europa.eu/es/glossary-taxonomy-terms/%C3%A9	European Food Safety Authority, Glosario.		NOUN PHRASE						FOOD	Food safety
ingesta adecuada	European Food Safety Authority, Valores nutricionales de referencia (https://www.efsa.europa.eu/es/topics/topic/dietary-reference-values)		ES	La ingesta adecuada (IA) es una recomendación dietética que se utiliza cuando no hay suficientes datos para calcular una necesidad media. Una IA es el nivel medio de nutrientes que consume diariamente una población típica sana y que se considera adecuado para las necesidades de dicha población.	https://www.efsa.europa.eu/es/glossary-taxonomy-terms/i	European Food Safety Authority, Glosario.		NOUN PHRASE		IA				FOOD	Food safety
IDA	European Food Safety Authority, Colorantes alimentarios (https://www.efsa.europa.eu/es/topics/topic/food-colours)		ES	Estimación de la cantidad de una sustancia presente en los alimentos o el agua potable que puede consumirse diariamente durante toda la vida sin que se aprecie un riesgo sobre la salud. Generalmente se expresa en miligramos de sustancia por kilogramo de peso corporal al día y se aplica a sustancias químicas como aditivos alimentarios, residuos de plaguicidas y medicamentos veterinarios.	https://www.efsa.europa.eu/es/glossary-taxonomy-terms/i	European Food Safety Authority, Glosario.		NOUN						FOOD	Food safety
ADME	Organización Mundial de la Salud, Guía de la buena prescripción (https://www.paho.org/hq/dmdocuments/2012/Guia-de-la-buena-prescripcion-OMS.pdf)		ES	Abreviatura de «absorción, distribución, metabolismo y excreción», los cuatro procesos clave que describen cómo los fármacos y sustancias químicas entran en el organismo, qué ocurre con ellos mientras están allí y cómo se eliminan.	https://www.efsa.europa.eu/es/glossary/adme	European Food Safety Authority, Glosario.		NOUN						FOOD	Food safety
efecto adverso	Organización de las Naciones Unidas para la Alimentación (FAO) y Organización Mundial de la Salud, Informe de la Undécima Reunión del Comité del Codex sobre Residuos de Medicamentos Veterinarios en los Alimentos (https://www.fao.org/3/x0203s/x0203s0w.htm)		ES	Cambio en la salud, el crecimiento, el comportamiento o el desarrollo de un organismo que merma la capacidad de dicho organismo para desarrollarse o sobrevivir.	https://www.efsa.europa.eu/es/glossary-taxonomy-terms/e	European Food Safety Authority, Glosario.		NOUN PHRASE						FOOD	Food safety
ruta de resultados adversos	Diario Oficial de la Unión Europea, REGLAMENTO (UE) 2017/735 DE LA COMISIÓN  de 14 de febrero de 2017 (https://www.boe.es/doue/2017/112/L00001-00402.pdf)		ES	Método de visualización de una cadena de acontecimientos vinculados por la causalidad que pueden tener efectos nocivos para los organismos o el medio ambiente.	https://www.efsa.europa.eu/es/glossary-taxonomy-terms/r	European Food Safety Authority, Glosario.		NOUN PHRASE						FOOD	Food safety
IA	European Food Safety Authority, Valores nutricionales de referencia (https://www.efsa.europa.eu/es/topics/topic/dietary-reference-values)		ES	La ingesta adecuada (IA) es una recomendación dietética que se utiliza cuando no hay suficientes datos para calcular una necesidad media. Una IA es el nivel medio de nutrientes que consume diariamente una población típica sana y que se considera adecuado para las necesidades de dicha población.	https://www.efsa.europa.eu/es/glossary-taxonomy-terms/i	European Food Safety Authority, Glosario.		NOUN						FOOD	Food safety
alérgeno	Red Internacional de Autoridades en materia de Inocuidad de  los Alimentos (INFOSAN),  Nota informativa INFOSAN Nº 3/2006 – Alergias alimentarias (https://www.who.int/foodsafety/fs_management/No_03_allergy_June06_sp.pdf)		ES	Sustancia antigénica que induce una reacción alérgica en un organismo.	https://dle.rae.es/al%C3%A9rgeno	Real Academia Española. Diccionario de la lengua española, alérgeno, na		NOUN	alergeno					FOOD	Food safety
alergenicidad	Evaluación de la alergenicidad de los alimentos modificados genéticamente - Informe de una Consulta FAO/OMS de Expertos sobre alergenicidad de los alimentos obtenidos por medios biotecnológicos (22 – 25 de enero de 2001) https://www.fao.org/3/y0820s/y0820s.pdf		ES	Capacidad de desencadenar una respuesta inmunitaria anormal que provoca una reacción alérgica en una persona.	https://www.efsa.europa.eu/es/glossary/allergenicity	European Food Safety Authority, Glosario.		NOUN						FOOD	Food safety
método alternativo	Reglamento (UE) N.142/2011 DE LA COMISIÓN de 25 de febrero de 2011 https://eur-lex.europa.eu/legal-content/ES/TXT/PDF/?uri=CELEX:02011R0142-20211205&qid=1643798623994&from=en		ES	Método que puede utilizarse en la investigación en virtud del cual se reemplazan los ensayos tradicionales con animales por métodos no invasivos o de sustitución. Véase también «sustitución, reducción y perfeccionamiento (3R)».	https://www.efsa.europa.eu/es/search?s=m%C3%A9todo+alternativo	European Food Safety Authority, Glosario.		NOUN PHRASE						FOOD	Food safety
aminoácido	DIRECTIVA 2002/46/CE DEL PARLAMENTO EUROPEO Y DEL CONSEJO  de 10 de junio de 2002  relativa a la aproximación de las legislaciones de los Estados miembros en materia de complementos alimenticios  (Texto pertinente a efectos delEEE)   https://eur-lex.europa.eu/legal-content/ES/TXT/PDF/?uri=CELEX:32002L0046&from=EN		ES	Bloque de constituyentes que conforman las proteínas. El cuerpo humano puede producir determinados aminoácidos, mientras que otros solo pueden obtenerse a través de la dieta.	https://www.efsa.europa.eu/es/search?s=aminoacido	European Food Safety Authority, Glosario.		NOUN		AAs				FOOD	Food safety
clonación animal	CORDIS EUROPA - El Parlamento Europeo apremia a la Comisión para que prohíba la clonación de animales para su uso alimentario - https://cordis.europa.eu/article/id/29825-european-parliament-urges-commission-to-ban-animal-cloning-for-food-supply/es		ES	La clonación animal consiste en producir un animal que es esencialmente una copia del original. Para ello se suele utilizar una técnica llamada transferencia nuclear de células somáticas (SCNT, por sus siglas en inglés).	https://www.efsa.europa.eu/es/topics/topic/cloning	European Food Safety Authority, topic.		NOUN PHRASE						FOOD	Food Safety
modelo animal	Evaluación de la alergenicidad de los  alimentos modificados genéticamente  Informe de una Consulta FAO/OMS de Expertos  sobre alergenicidad de los alimentos obtenidos por medios biotecnológicos  22 – 25 de enero de 2001  Organización de las Naciones Unidas para la Agricultura y la Alimentación (FAO) (https://www.fao.org/3/y0820s/y0820s.pdf)		ES	Método en el que se emplean animales o células animales para examinar cómo una sustancia o dieta podrían generar problemas de salud en los seres humanos.	https://www.efsa.europa.eu/es/search?s=modelo+animal	European Food Safety Authority, Glosario.		NOUN PHRASE						FOOD	Food safety
necesidad media	EFSA - European Food Safety Authority		ES	Nivel de un nutriente en la dieta que satisface las necesidades diarias de la mitad de las personas de una población típica sana.	https://www.efsa.europa.eu/es/glossary/average-requirement	European Food Safety Authority, Glosario.		NOUN PHRASE							
cría de abejas	Reglamento de Ejecución (UE) no 540/2011 de la Comisión, de 25 de mayo de 2011, por el que se establecen disposiciones de aplicación del Reglamento (CE) no 1107/2009 del Parlamento Europeo y del Consejo en lo que respecta a la lista de sustancias activas aprobadas (Texto pertinente a efectos del EEE)Texto pertinente a efectos del EEE (https://eur-lex.europa.eu/legal-content/ES/TXT/PDF/?uri=CELEX:02011R0540-20190530&from=ES)		ES	Nombre colectivo de la descendencia de las abejas de una única cresa.	https://www.efsa.europa.eu/es/search?s=cria+de+abejas	European Food Safety Authority, Glosario.		NOUN PHRASE						FOOD	Food safety
dosis de referencia	Codex Alimentarius – normas internacionales de los alimentos, FAO/OMS - Límites máximos de residuos (lmr) y recomendaciones sobre la gestión de riesgos (rgr) para residuos de medicamentos veterinarios en los alimentos cx/mrl 2-2018 https://www.fao.org/fao-who-codexalimentarius/sh-proxy/es/?lnk=1&url=https%253A%252F%252Fworkspace.fao.org%252Fsites%252Fcodex%252FStandards%252FCXM%2B2%252FMRL2s.pdf		ES	Dosis mínima de una sustancia que conlleva un riesgo para la salud claro pero de baja intensidad, normalmente correspondiente a una modificación del 1-10 % de un efecto tóxico específico, como la inducción de un cáncer.	https://www.efsa.europa.eu/es/search?s=dosis+de+referencia	European Food Safety Authority, Glosario.		NOUN PHRASE		DR				FOOD	Food safety
bioensayo	Manual sobre elaboración y empleo de las especificaciones de la FAO y de la OMS para plaguicidas - Primera edición (http://apps.who.int/iris/bitstream/handle/10665/42968/9253048573.pdf?sequence=1)		ES	Método normalizado para medir el modo en que una sustancia (por ejemplo, una vitamina, una hormona o un fertilizante) afecta a un organismo o a un tejido de ese organismo.	https://www.efsa.europa.eu/es/glossary/bioassay	European Food Safety Authority, Glosario.		NOUN				Ensayo biológico		FOOD	Food safety
Biodisponibilidad	Datos de composición de alimentos. Obtención, gestión y utilización, Segunda edición, FAO/INFOODS, 2003 (http://www.fao.org/3/a-y4705s.pdf).		ES	Término que describe la cantidad de una sustancia que llega al torrente sanguíneo a través de diversas vías, incluida la alimentación. Puede referirse a vitaminas, aditivos, plaguicidas o medicamentos.	https://www.efsa.europa.eu/es/search?s=biodisponibilidad	European Food Safety Authority, Glosario.		NOUN						FOOD	Food safety
biocida	Registro Oficial de Biocidas de la D.G. de Salud Pública y Sanidad Exterior del Ministerio de Sanidad, Consumo y Bienestar Social. (REGLAMENTO (UE) 528/2012 RELATIVO A LA COMERCIALIZACIÓN Y EL USO DE LOS BIOCIDAS) https://www.sanidad.gob.es/ciudadanos/saludAmbLaboral/prodQuimicos/sustPreparatorias/biocidas/InfoEuro.htm		ES	Preparado de una o más sustancias activas diseñado para utilizar productos químicos u otros medios para destruir organismos nocivos o impedir su acción, como en el caso de las enfermedades vegetales o las infecciones animales.	https://www.efsa.europa.eu/es/search?s=biocida	European Food Safety Authority, Glosario.		NOUN						FOOD	Food safety
biodiversidad	Organización de las Naciones Unidas para la Alimentación (FAO), La biodiversidad es fundamental para la agricultura y la producción de alimentos. (https://www.fao.org/3/y5418s/y5418s00.htm)		ES	Biodiversidad es la variabilidad de organismos vivos de cualquier fuente, incluidos, entre otros, los ecosistemas terrestres y marinos y otros sistemas acuáticos, y los complejos ecológicos de los que forman parte; comprende la diversidad dentro de cada especie, entre las especies y de los ecosistemas	https://fundacion-biodiversidad.es/es/que-hacemos/que-es-la-biodiversidad	Fundación Biodiversidad. (2018). Qué es la biodiversidad.		NOUN						FOOD	Food safety
bioinformática	Instituto Roche, El papel de la biología computacional en España: recursos institucionales y humanos y perspectivas sobre el futuro. (https://www.institutoroche.es/biotecnologia/4/el_papel_de_la_biologia_computacional_en_espana_recursos_institucionales_y_humanos_y_perspectivas_sobre_el_futuro)		ES	Término genérico que engloba los estudios biológicos que utilizan la programación informática como parte de su metodología. La bioinformática combina la informática, la estadística, las matemáticas y la ingeniería para estudiar y tratar datos biológicos	https://www.efsa.europa.eu/es/glossary/bioinformatics	European Food Safety Authority, Bioinformática.		NOUN						FOOD	Food safety
relevancia biológica	Anvendaño López M. del C., Relevancia biológica de un misterioso grupo hidroxilo. (https://analesranf.com/wp-content/uploads/2016/82_03/8203_04.pdf)		ES	Se considera que un suceso o acontecimiento presenta relevancia biológica si su tamaño o implicaciones son susceptibles de tener consecuencias para la salud humana.	https://www.efsa.europa.eu/es/glossary/biological-relevance	European Food Safety Authority, Relevancia biológica.		NOUN PHRASE						FOOD	Food safety
biomarcador	Corella, D. & Ordovás, J. M., Biomarcadores: antecedentes, clasificación y guía para su aplicación en epidemiología nutricional (https://www.renc.es/imagenes/auxiliar/files/RENC2015supl1BIOMARCA.pdf)		ES	Aquellas características biológicas, bioquímicas, antropométricas, fisiológicas, etc., objetivamente mensurables, capaces de identificar procesos fisiológicos o patológicos, o bien una respuesta farmacológica a una intervención terapéutica.	https://scielo.isciii.es/scielo.php?script=sci_arttext&pid=S1137-66272016000100001	Torres Courchoud, I., & Pérez Calvo, J.I. Biomarcadores y práctica clínica.		NOUN				marcador biológico		FOOD	Food safety
DR	Organización de las Naciones Unidas para la Alimentación (FAO), LÍMITES MÁXIMOS DE RESIDUOS (LMR) Y RECOMENDACIONES SOBRE LA GESTIÓN DE RIESGOS (RGR) PARA RESIDUOS DE MEDICAMENTOS VETERINARIOS EN LOS ALIMENTOS (https://www.fao.org/fao-who-codexalimentarius/sh-proxy/fr/?lnk=1&url=https%253A%252F%252Fworkspace.fao.org%252Fsites%252Fcodex%252FStandards%252FCXM%2B2%252FMRL2s.pdf)	La sigla española es DR (dosis de referencia), pero a menudo se encuentra también la sigla inglesa RfD (Reference Dose).	ES	Dosis mínima de una sustancia que conlleva un riesgo para la salud claro pero de baja intensidad, normalmente correspondiente a una modificación del 1-10 % de un efecto tóxico específico, como la inducción de un cáncer.	https://www.efsa.europa.eu/es/glossary/benchmark-dose	European Food Safety Authority, Dosis de referencia.		NOUN				dosis de referencia		FOOD	Food safety
IMC	GreenFacts, Índice de masa corporal (IMC). (https://www.greenfacts.org/es/glosario/ghi/indice-de-masa-corporal.htm)		ES	El índice de masa corporal (IMC) es la medida que expresa la relación entre el peso y la estatura de una persona. El IMC se calcula dividiendo el peso en kilogramos entre la estatura al cuadrado expresada en metros (es decir, la altura x la altura). Se utiliza para evaluar si el peso de una persona es adecuado.	https://www.efsa.europa.eu/es/search?s=imc	European Food Safety Authority, IMC.		NOUN				índice de masa corporal		FOOD	Food safety
índice de masa corporal	Rivas-Vargas, D., Análisis del índice masa corporal y factores de riesgo de neumopatía intersticial en pacientes con esclerosis sistémica (http://www.scielo.org.co/pdf/rcre/v27n1/es_0121-8123-rcre-27-01-9.pdf)		ES	El índice de masa corporal –peso en kilogramos dividido por el cuadrado de la talla en metros (kg/m2)– es un índice utilizado frecuentemente para clasificar el sobrepeso y la obesidad en adultos.	https://www.who.int/features/factfiles/obesity/facts/es/	Organización Mundial de la Salud. 10 datos sobre la obesidad.		NOUN PHRASE		IMC				FOOD	Food safety
producto de origen vegetal	European Food Safety Authority, Productos de origen vegetal (https://www.efsa.europa.eu/es/topics/topic/botanicals)	El término podría entenderse también como adjetivo, y en español sería "botánico" (perteneciente o relativo a la botánica, dRAE).	ES	Sustancia, utilizada como alimento o medicamento, procedente de plantas, hongos, algas o líquenes.	https://www.efsa.europa.eu/es/glossary/botanical	European Food Safety Authority, Producto de origen vegetal.		NOUN						FOOD	Food safety
programa de cría	Moreno Mañas, E., Los programas de cría en cautividad: una herramienta necesaria para la conservación de especies amenazadas (https://fgcsic.es/lychnos/es_es/articulos/programas_de_crias_en_cautividad)		ES	Los programas de cría recogen el conjunto de actuaciones sistematizadas, entre las que se incluye el registro, selección, cría e intercambio de animales reproductores y de su material reproductivo, diseñadas y aplicadas para conservar y/o mejorar las características fenotípicas y/o genotípicas deseadas en la población reproductora objetivo. Su finalidad podrá ser la conservación, la mejora, la reconstrucción o la creación de una raza, o una combinación de dichas finalidades.	https://www.mapa.gob.es/es/ganaderia/temas/zootecnia/razas-ganaderas/programas-mejora/	Ministerio de Agricultura, Pesca y Alimentación. Programas de cría.		NOUN PHRASE				programa de criado, programa de mejoramiento, programa de mejoramiento genético, programa de crianza selectiva		FOOD	Food safety
carga de enfermedad	Osley Garzón Duque, M., Carga de la enfermedad. (https://dialnet.unirioja.es/descarga/articulo/4164159.pdf)	También se encuentra como "carga de la enfermedad".	ES	Medida de las pérdidas de salud que para una población representan tanto las consecuencias mortales como no mortales de las diferentes enfermedades y lesiones, y en su caso las pérdidas atribuibles a los distintos factores de riesgo y determinantes de la salud implicados.	http://www.sidastudi.org/resources/inmagic-img/DD25007.pdf	Álvarez Martin E. Caso práctico de carga de enfermedad.		NOUN PHRASE						FOOD	Food safety
carbohidratos	Ministerio de Salud y la Protección Social de Colombia, Módulo – Azúcares (https://www.minsalud.gov.co/sites/rid/Lists/BibliotecaDigital/RIDE/VS/PP/ENT/modulo-azucares.pdf)		ES	Familia de sustancias nutritivas que incluye los azúcares, los almidones y las fibras.	https://www.efsa.europa.eu/es/glossary/carbohydrates	European Food Safety Authority, Carbohidratos		NOUN					azúcares	FOOD	Food safety
carcinogenicidad	European Food Safety Authority, Aspartamo (https://www.efsa.europa.eu/es/topics/topic/aspartame)		ES	Propiedad de una sustancia susceptible de provocar cáncer cuando un animal o un ser humano se exponen a la misma.	https://www.efsa.europa.eu/es/glossary/carcinogenicity	European Food Safety Authority, Carcinogenicidad		NOUN						FOOD	Food safety
riesgo químico	European Food Safety Authority, Evaluación de riesgos acumulativos de los pesticidas: Preguntas frecuentes (https://www.efsa.europa.eu/es/news/cumulative-risk-assessment-pesticides-faq)		ES	Riesgo para la salud resultante de la exposición a una sustancia química; por ejemplo, irritación, quemaduras o carcinogenicidad.	https://www.efsa.europa.eu/es/glossary/chemical-hazard	European Food Safety Authority, Riesgo químico		NOUN PHRASE						FOOD	Food safety
mezcla química	European Food Safety Authority, La protección de las abejas: un nuevo avance en la evaluación de riesgos (https://www.efsa.europa.eu/es/news/protecting-bees-new-way-forward-risk-assessment)		ES	Mezcla de sustancias en la que cada sustancia puede tener un efecto identificable independiente o un efecto combinado en el organismo.	https://www.efsa.europa.eu/es/glossary/chemical-mixture	European Food Safety Authority, Mezcla química		NOUN PHRASE						FOOD	Food safety
residuo químico	European Food Safety Authority, Sustancias químicas en los alimentos (https://www.efsa.europa.eu/es/topics/topic/chemicals-food)		ES	Cantidades minúsculas de sustancias químicas presentes en productos alimenticios que han estado expuestos a plaguicidas, toxinas ambientales o productos afines.	https://www.efsa.europa.eu/es/glossary/chemical-residue	European Food Safety Authority, Residuo químico		NOUN PHRASE						FOOD	Food safety
exposición crónica	European Food Safety Authority, Metales como contaminantes en los alimentos (https://www.efsa.europa.eu/es/topics/topic/metals-contaminants-food)		ES	Contacto prolongado, constante o intermitente, a una sustancia que puede afectar a la salud a lo largo del tiempo.	https://www.efsa.europa.eu/es/glossary/chronic-exposure	European Food Safety Authority, exposición crónica		NOUN PHRASE						FOOD	Food safety
evaluación comparativa	European Food Safety Authority, Animales modificados genéticamente (https://www.efsa.europa.eu/es/topics/topic/genetically-modified-animals)		ES	Evaluación que exige la legislación destinada a comparar la seguridad de un organismo modificado genéticamente frente a su equivalente no modificado genéticamente.	https://www.efsa.europa.eu/es/glossary/comparative-assessment	European Food Safety Authority, evaluación comparativa		NOUN PHRASE						FOOD	Food safety
intervalo de confianza	FAO. Seijo, J.C.; Defeo, O.; Salas, S., Bioeconomía pesquera - Teoría, modelación y manejo, Capítulo 8 (https://www.fao.org/3/w6914s/W6914S08.HTM)		ES	Término estadístico que describe un intervalo en una distribución en el que espera que se sitúen la mayoría de los datos; por ejemplo, se espera que el 95 % de los adultos midan entre 140 cm y 190 cm.	https://www.efsa.europa.eu/es/glossary/confidence-interval	European Food Safety Authority, intervalo de confianza		NOUN PHRASE						FOOD	Food safety
hipótesis conservadora	European Food Safety Authority, Evaluación de riesgos acumulativos de los pesticidas: Preguntas frecuentes (https://www.efsa.europa.eu/es/news/cumulative-risk-assessment-pesticides-faq)		ES	Estimación que tiende a ser comedida o que se basa en el peor caso posible. Se suele utilizar en la evaluación de riesgos para garantizar que se tiene en cuenta el mayor riesgo posible.	https://www.efsa.europa.eu/es/glossary/conservative-assumption	European Food Safety Authority, hipótesis prudente		NOUN PHRASE				hipótesis prudente		FOOD	Food safety
contaminante	European Food Safety Authority, Contaminantes de la Cadena Alimentaria (https://www.efsa.europa.eu/es/science/scientific-committee-and-panels/contam)		ES	Toda sustancia presente en productos alimenticios que no haya sido añadida intencionadamente. Los contaminantes pueden proceder del embalaje, del procesado o del transporte de los alimentos, así como de las prácticas agrícolas o del uso de medicamentos veterinarios. Este término no incluye la contaminación debida a insectos o roedores.	https://www.efsa.europa.eu/es/glossary/contaminant	European Food Safety Authority, contaminante		NOUN						FOOD	Food safety
corresistencia	Reunión conjunta FAO/OMS/OIE de expertos sobre los antimicrobianos de importancia crítica. Informe de la reunión de expertos   Sede de la FAO, Roma (Italia) del 26 al 30 de noviembre de 2007. (https://www.fao.org/3/i0204s/I0204S00.pdf)		ES	Resistencia conferida genéticamente a un organismo (p. ej., la resistencia de una planta a una enfermedad) resultante de la combinación de dos o más genes transmitidos de una generación a otra.	https://www.efsa.europa.eu/es/glossary/co-resistance	European Food Safety Authority. (9 de diciembre de 2021). Corresistencia. https://www.efsa.europa.eu/es/glossary/co-resistance		noun						Food	Food safety
correlación	Nonzioli A., Herramientas para la mejora de la calidad (II). Ministerio de Agricultura, Ganadería y Pesca Argentina. (http://www.alimentosargentinos.gob.ar/HomeAlimentos/Publicaciones/revistas/nota.php?id=96)		ES	Término estadístico para describir la relación entre dos variables (por ejemplo, la ingesta de calcio y el crecimiento de los huesos).	https://www.efsa.europa.eu/es/glossary/correlation	European Food Safety Authority. (9 de diciembre de 2021). Correlación. https://www.efsa.europa.eu/es/glossary/correlation		noun						Food	Food safety
efecto crítico	Agencia Española de Seguridad Alimentaria y Nutrición. EFSA publica su dictamen científico acerca de los riesgos para la salud pública debidos a la presencia de clorato en los alimentos. https://www.aesan.gob.es/AECOSAN/web/seguridad_alimentaria/noticias_efsa/2015/clorato_alimentos.htm		ES	El efecto adverso observado a la dosis más baja cuando una población vulnerable se expone a una sustancia como una toxina ambiental o alimentaria. Puede referirse a seres humanos y a otras especies como animales, plantas o microbios.	https://www.efsa.europa.eu/es/glossary/critical-effect	European Food Safety Authority. (9 de diciembre de 2021). Efecto crítico. https://www.efsa.europa.eu/es/glossary/critical-effect		noun phrase						Food	Food safety
contaminación cruzada	Agencia Española de Seguridad Alimentaria y Nutrición. Contaminación cruzada durante la manipulación de alimentos. (https://www.aesan.gob.es/AECOSAN/web/para_el_consumidor/ampliacion/contaminacion_cruzada.htm)		ES	La contaminación cruzada es el proceso mediante el cual los microbios u otras sustancias ajenas, como los alérgenos, se transfieren de forma no intencional de un alimento u objeto a otro alimento, con efectos perjudiciales.	https://acsa.gencat.cat/es/seguretat_alimentaria/consells_sobre_seguretat_alimentaria/que-es-la-contaminacio-encreuada-i-com-evitar-la/	Agencia Catalana de Seguridad Alimentaria. (9 de diciembre de 2021) https://acsa.gencat.cat/es/seguretat_alimentaria/consells_sobre_seguretat_alimentaria/que-es-la-contaminacio-encreuada-i-com-evitar-la/		noun phrase						Food	Food safety
reactividad cruzada	Junta de Andalucía. Consejería de Salud y Familias. Servicio Andaluz de Salud. (https://www.sspa.juntadeandalucia.es/servicioandaluzdesalud/hrs3/index.php?id=4055&tx_ttnews%5Btt_news%5D=1121&cHash=7ff90bc88f081cd8431e870e2c0ec4d3)		ES	La reactividad cruzada se produce cuando el sistema inmunitario del cuerpo identifica como iguales proteínas que son estructuralmente similares o están biológicamente relacionadas.	https://www.thermofisher.com/diagnostic-education/patient/es/es/understanding-allergies/cross-reactivity.html	ThermoFisher. (9 de diciembre de 2021). https://www.thermofisher.com/diagnostic-education/patient/es/es/understanding-allergies/cross-reactivity.html		noun phrase		RC				Food	Food safety
grupo de evaluación acumulativa	European Food Safety Authority. Evaluación de riesgos acumulativos de los pesticidas: Preguntas frecuentes. (https://www.efsa.europa.eu/es/news/cumulative-risk-assessment-pesticides-faq)		ES	Sustancias químicas que se consideran un grupo porque son susceptibles de actuar de la misma manera en el organismo.	https://www.efsa.europa.eu/es/glossary/cumulative-assessment-group	European Food Safety Authority. (28 de enero de 2022). Grupo de evaluación acumulativa. https://www.efsa.europa.eu/es/glossary/cumulative-assessment-group		noun phrase		GEA				Food	Food safety
deficiencia	Organización de las Naciones Unidas para la Alimentación y la Agricultura (FAO). Otras carencias de micronutrientes y desórdenes nutricionales menores. (https://www.fao.org/3/w0073s/w0073s0q.htm)		ES	Carencia cuantitativa y casi siempre parcial de algún factor necesario para el funcionamiento normal del organismo, que puede ser ajeno al mismo (vitaminas y otros nutrientes esenciales) o intrínseco (hormonas, secreciones exocrinas o actividades enzimáticas).	https://dtme.ranm.es/buscador.aspx?NIVEL_BUS=3&LEMA_BUS=efecto	Diccionario de Términos Médicos. Real Academia Nacional de Medicina de España. (9 de diciembre de 2021) https://dtme.ranm.es/buscador.aspx?NIVEL_BUS=3&LEMA_BUS=efecto		noun				carencia		Food	Food safety
producto de degradación	Peñuela, G., Sepulveda V., C., Echeverri, J. D., & Agudelo F., S. (2006). Identificación de los productos de degradación del clorotalonilo por fotodegradación, hidrólisis y fentón. Gestión y Ambiente. Universidad Nacional de Colombia. (https://revistas.unal.edu.co/index.php/gestion/article/view/51960)		ES	Sustancia química que se forma cuando una sustancia se degrada o se descompone.	https://www.efsa.europa.eu/es/glossary/degradation-product	European Food Safety Authority. (28 de enero de 2022). Producto de degradación. https://www.efsa.europa.eu/es/glossary/degradation-product		noun phrase						Food	Food safety
velocidad de degradación	Mendoza-Corvis FA, Arteaga-Márquez MR, Pérez-Sierra OA. 2017. Degradación de la vitamina C en un producto de mango (Mangifera indica L.) y lactosuero. (http://www.scielo.org.co/pdf/ccta/v18n1/v18n1a08.pdf)		ES	Modo de describir la rapidez con que una sustancia (por ejemplo, la contaminación en un río) se descompondrá y eliminará del medio ambiente.	https://www.efsa.europa.eu/es/glossary/degradation-rate#:~:text=Modo%20de%20describir%20la%20rapidez,y%20eliminar%C3%A1%20del%20medio%20ambiente.	European Food Safety Authority. (28 de enero de 2022). Velocidad de degradación. https://www.efsa.europa.eu/es/glossary/degradation-rate#:~:text=Modo%20de%20describir%20la%20rapidez,y%20eliminar%C3%A1%20del%20medio%20ambiente		noun phrase				cinética de degradación		Food	Food safety
toxicidad para el desarrollo	Martínez, S., Solá, G. NTP 542: Tóxicos para la reproducción femenina. Ministerio de Trabajo y Asuntos sociales Espana. Instituto nacional de seguridad e higiene en el trabajo. (https://www.insst.es/documents/94886/327064/ntp_542.pdf/28795d84-cc48-4968-a2bc-a7a620a215ef)		ES	Efecto adverso en el desarrollo del feto, el bebé, el lactante o el niño tras la exposición a una sustancia tóxica.	https://www.efsa.europa.eu/es/glossary/developmental-toxicity	European Food Safety Authority. (28 de enero de 2022). Toxicidad para el desarrollo. https://www.efsa.europa.eu/es/glossary/developmental-toxicity		noun phrase						Food	Food safety
exposición alimentaria	Molina Périz E., Evaluación del riesgo de exposición alimentaria a acrilamida en España. (https://dialnet.unirioja.es/servlet/tesis?codigo=101269)		ES	A efectos de la evaluación de riesgos, medición de la cantidad de una sustancia que consume una persona o un animal en su alimentación, añadida de forma deliberada o presente involuntariamente (por ejemplo, un nutriente, un aditivo o un plaguicida).	https://www.efsa.europa.eu/es/glossary/dietary-exposure	European Food Safety Authority, exposición alimentaria		noun phrase						Food	Food Safety
valores nutricionales de referencia	Fundación Iberoamericana de Nutrición (FINUT) , Propuesta de valores de referencia de nutrientes para poblaciones. (https://www.finut.org/propuesta-de-valores-de-referencia-de-nutrientes-para-poblaciones/)	El término se encuentra también como "valores dietéticos de referencia (VDR)"	ES	Valores nutricionales de referencia (VNR) es un término general que engloba un conjunto de valores de referencia de nutrientes y que incluye las necesidades medias (NM), las ingestas de referencia para la población (IRP), las ingestas adecuadas (IA) y los rangos de ingesta de referencia para macronutrientes (IR). Estos valores indican a los profesionales la cantidad de un nutriente que se necesita para que una persona o un grupo de personas, por lo demás sanos, sigan estando sanos.sana del Reino Unido	https://www.efsa.europa.eu/es/topics/topic/dietary-reference-values	European Food Safety Authority, Valores nutricionales de referencia		noun phrase		VNR		valores dietéticos de referencia, VDR		Food	Food Safety
dioxina	Organización Mundial de la Salud (OMS), Las dioxinas y sus efectos en la salud humana. (https://www.who.int/es/news-room/fact-sheets/detail/dioxins-and-their-effects-on-human-health)		ES	Contaminante orgánico persistente que contiene cloro y que es un subproducto de procesos industriales. Puede acumularse en la cadena alimentaria y entrañar un riesgo grave para la salud pública y medioambiental.	https://www.efsa.europa.eu/es/glossary/dioxin	European Food Safety Authority, dioxina		noun						Food	Food Safety
brote epidémico	Pulido S., ¿Cuál es la diferencia entre brote, epidemia y pandemia? (https://gacetamedica.com/investigacion/cual-es-la-diferencia-entre-brote-epidemia-y-pandemia/)		ES	Dos o más casos asociados epidemiológicamente entre sí. La existencia de un caso único bajo vigilancia en una zona donde no existía el padecimiento se considera también un brote. Un brote sucede por el aumento inusual el número de casos de una enfermedad más allá de lo normal [...] Puede durar unos días, varias semanas o varios años.	https://www.paho.org/es/documentos/covid-19-glosario-sobre-brotes-epidemias-recurso-para-periodistas-comunicadores	Pan American Health Organization (PAHO), COVID-19 Glosario sobre brotes y epidemias. Un recurso para periodistas y comunicadores, Brote		noun phrase				brote, epidemia localizada		Food	Food Safety
ADN	Universidad Internacional de Valencia, ADN y ARN concepto, diferencias y funciones. (https://www.universidadviu.com/int/actualidad/nuestros-expertos/adn-y-arn-concepto-diferencias-y-funciones)		ES	Biopolímero cuyas unidades son desoxirribonucleótidos y que constituye el material genético de las células y contiene en su secuencia la información para la síntesis de proteínas, conocido más por sus siglas ADN o DNA.	https://dle.rae.es/%C3%A1cido#MXjNhe2	Real Academia Española. Diccionario de la lengua española, ácido, da		noun				ácido desoxirribonucleico		Food	Food Safety
secuencia de ADN	Lab Tests Online, Secuenciación del ADN. (https://labtestsonline.es/articles/secuenciacion-del-adn)		ES	El orden exacto de las unidades en una cadena de ADN.	https://www.efsa.europa.eu/es/glossary/dna-sequence	European Food Safety Authority, secuencia de ADN		noun				secuencia de ácido desoxirribonucleico		Food	Food Safety
dosis	Centro Nacional de Vacunación y Enfermedades Respiratorias (NCIRD), División de Enfermedades Virales, Dosis de refuerzo de la vacuna contra el COVID-19. (https://espanol.cdc.gov/coronavirus/2019-ncov/vaccines/booster-shot.html)		ES	Toma de medicina que se da al enfermo cada vez.	https://dle.rae.es/dosis	Real Academia Española. Diccionario de la lengua española, dosis		noun						Food	Food Safety
adición de dosis	Barrio V., Liaño F., ¿Mejora la adición de dosis de diálisis a la hemofiltración continua el pronóstico de fracaso renal agudo? (https://revistanefrologia.com/es-mejora-adicion-dosis-dialisis-hemofiltracion-articulo-X0211699507031708)		ES	Proceso por el que se determina la respuesta de los organismos a una mezcla de sustancias químicas que presentan una toxicidad similar. Esto implica combinar los efectos individuales las sustancias para predecir el efecto probable de la mezcla en su conjunto.	https://www.efsa.europa.eu/es/glossary/dose-addition	European Food Safety Authority, adición de dosis		noun phrase						Food	Food Safety
dosis-respuesta	Organización de las Naciones Unidas para la Agricultura y la Alimentación, Caracterización de peligros de patógenos en  los alimentos y el agua. (https://www.fao.org/3/y4666s/y4666s0b.htm)		ES	La relación entre la cantidad de una sustancia a la que se exponen un organismo individual, una población o un ecosistema y la forma en que responden (por ejemplo, en términos de toxicidad).	https://www.efsa.europa.eu/es/glossary/dose-response	European Food Safety Authority, dosis-respuesta		noun phrase						Food	Food Safety
VNR	Fundación Iberoamericana de Nutrición (FINUT) , Propuesta de valores de referencia de nutrientes para poblaciones. (https://www.finut.org/propuesta-de-valores-de-referencia-de-nutrientes-para-poblaciones/)		ES	Los valores nutricionales de referencia (VNR) son el conjunto completo de valores de referencia para la ingesta de nutrientes que engloba las ingestas de referencia para la población (IRP), las necesidades medias (NM), las ingestas adecuadas (IA), el umbral mínimo de ingesta (UMI) y las ingestas de referencia (IR).	https://www.efsa.europa.eu/es/glossary/drv	European Food Safety Agency, VNR		noun phrase				valores nutricionales de referencia, valores dietéticos de referencia, valores dietéticos de referencia, VDR		Food	Food Safety
número E	Agencia Española de Seguridad Alimentaria y Nutrición, Aditivos. https://www.aesan.gob.es/AECOSAN/web/para_el_consumidor/ampliacion/aditivos.htm		ES	Número utilizado en la Unión Europea para identificar los aditivos alimentarios autorizados. Un número E significa que un aditivo ha superado las pruebas de seguridad y ha sido autorizado para su uso.	https://www.efsa.europa.eu/es/glossary/e-number	European Food Safety Authority, número E.		noun						Food	Food Safety
recuperación ecológica	Machado Carrillo, A., Restauración ecológica: una introducción al concepto (I). http://www.gobiernodecanarias.org/medioambiente/sostenibilidad/apps/revista/2001/21/270/index.html		ES	El retorno de una población o de un ecosistema a un estado predefinido después de una perturbación de sus actividades normales (p. ej. tras la exposición a una toxina o una plaga, o debido a un cambio en el suministro de alimentos).	https://www.efsa.europa.eu/es/glossary/ecological-recovery	European Food Safety Authority, recuperación ecológica.		noun phrase						Food	Food Safety
opción de recuperación ecológica	Fundación Vasca para la Seguridad Agroalimentaria, Protección de los organismos acuáticos frente a los fitosanitarios 02/09/13. https://agricultura.elika.eus/novedades/proteccion-de-los-organismos-acuaticos-frente-a-los-fitosanitarios-020913/		ES	Opción de gestión de riesgos por la que se consideran aceptables determinados efectos derivados de la exposición a un factor de estrés químico, biológico o físico en una población o ecosistema si se lleva a cabo la recuperación ecológica.	https://www.efsa.europa.eu/es/glossary/ecological-recovery-option	European Food Safety Authority, opción de recuperación ecológica.		noun phrase						Food	Food Safety
umbral ecológico	Agencia Estatal Boletín Oficial del Estado, Real Decreto 1633/2009, de 30 de octubre, por el que se establece el título de Técnico en Producción Agroecológica y se fijan sus enseñanzas mínimas. https://www.boe.es/buscar/act.php?id=BOE-A-2009-18476		ES	Punto en el que un pequeño cambio en las condiciones ambientales o biofísicas provoca que un ecosistema cambie a un estado ecológico diferente. Una vez que se han   superado uno o más umbrales ecológicos, es posible que un ecosistema no vuelva fácilmente a su estado   o trayectoria previos sin intervenciones humanas   importantes, o no vuelva en absoluto si el umbral es   irreversible.	https://cdn.ymaws.com/www.ser.org/resource/resmgr/Spanish_SER_International_St.pdf	Society for Ecological Restoration. PRINCIPIOS Y ESTÁNDARES INTERNACIONALES PARA LA PRÁCTICA DE LA RESTAURACIÓN ECOLÓGICA.		noun phrase						Food	Food Safety
opción de umbral ecológico	Fundación Vasca para la Seguridad Agroalimentaria, Protección de los organismos acuáticos frente a los fitosanitarios 02/09/13. https://agricultura.elika.eus/novedades/proteccion-de-los-organismos-acuaticos-frente-a-los-fitosanitarios-020913/		ES	Opción de gestión de riesgos por la que se considera aceptable un nivel insignificante de efectos derivados de la exposición a un factor de estrés químico, biológico o físico en una población o ecosistema.	https://www.efsa.europa.eu/es/glossary/ecological-threshold-option	European Food Safety Authority, opción de umbral ecológico.		noun phrase						Food	Food Safety
ecosistema	Fundación Aquae, Qué es un ecosistema y cómo afecta a la biodiversidad. https://www.fundacionaquae.org/la-importancia-los-ecosistemas-la-biodiversidad/		ES	Comunidad de los seres vivos cuyos procesos vitales se relacionan entre sí y se desarrollan en función de los factores físicos de un mismo ambiente.	https://dle.rae.es/ecosistema?m=form	Real Academia Española. Diccionario de la lengua española, ecosistema.		noun						Food	Food Safety
servicios de ecosistemas	Martín-López, B., Montes C., FUNCIONES Y SERVICIOS DE LOS ECOSISTEMAS: UNA HERRAMIENTA PARA LA GESTIÓN DE LOS ESPACIOS NATURALES. http://www.ecomilenio.es/wp-content/uploads/2010/10/Funciones-y-servicios-de-los-ecosistemas.pdf		ES	Esto incluye los servicios de apovisionamiento como alimentos y agua, pero también incluye servicios de regulación como son el control de inundaciones y epidemias, también los servicios culturales como son los beneficios espirituales, recreativos o culturales, y por último los servicios esenciales como el ciclo de los nutrientes que asegura las condiciones que permiten que haya vida en la Tierra.	https://www.greenfacts.org/es/glosario/pqrs/servicios-ecosistemas.htm	GreenFacts. Servicios de los ecosistemas.		noun phrase				servicios de los ecosistemas   servicios ecosistémicos   servicios ambientales		Food	Food Safety
ecotoxicologia	Roa-Castellanos, R., J. Delgado-Mateo, M. Sandoval-Bartolomé, P. Moyano-Cires y M. Capó Martí. (2015), Ecotoxicología del sistema edáfico: un primer    paso en la medicina geológica. Qualitas, Vol. 9: 50-65. ISSN: 1390-6569.	Truhaut (1975) estableció el término de Ecotoxicología en sustitución al    de Toxicología Ambiental, usado hasta entonces.	ES	La ciencia que    estudia la polución, su origen y efectos sobre los seres vivos y sus    ecosistemas; se encarga del estudio de la polución, su evolución e    interacciones con las moléculas que integran dinámicamente los    ecosistemas, sus acciones y efectos sobre los seres vivos que forman    estos ecosistemas, como determinantes de criteriología y profilaxis    biológica o socioeconómica.	https://www.unibe.edu.ec/wp-content/uploads/2017/08/9.5ECOTOXICOLOGIA.pdf	Sanz-Sánchez, F. (1974). Sentido y posibilidades de la Toxicología Ambiental. Curso Académico de la U.C.M.		noun						Food	Food Safety
eficacia	Junta Ejecutiva del Programa Mundial de Alimentos, Plan estratégico para la India (2019-2023). https://executiveboard.wfp.org/document_download/WFP-0000099516		ES	Capacidad de lograr el efecto que se desea o se espera.	https://dle.rae.es/eficacia?m=form	Real Academia Española. Diccionario de la lengua española, eficacia.		noun						Food	Food Safety
riesgo emergente	Martínez, V., Por un análisis a fondo de la seguridad alimentaria en control de plaguicidas en alimentos. https://www.ainia.es/insights/por-un-analisis-a-fondo-de-la-seguridad-alimentaria-en-control-de-plaguicidas-en-alimentos/		ES	Un riesgo emergente es «un riesgo derivado de un peligro nuevo en relación con el cual puede producirse una exposición significativa, o de una exposición o predisposición nueva o incrementada inesperada a un peligro conocido».	https://www.efsa.europa.eu/es/topics/topic/emerging-risks	European Food Safety Authority, Riesgos emergentes.		noun phrase						Food	Food Safety
endémico	Agencia Española de Seguridad Alimentaria y Nutrición (AESAN). (2010). Informe del Comité Científico de la Agencia Española de Seguridad   Alimentaria y Nutrición (AESAN) sobre los criterios microbiológicos para las especies patógenas del género Vibrio aplicables, como medidas adicionales de control en los puntos de inspección fronterizos, a productos pesqueros importados. Revista del Comité Científico de la AESAN, 12, 12. Recuperado a partir de https://www.aesan.gob.es/AECOSAN/docs/documentos/publicaciones/revistas_comite_cientifico/comite_cientifico_12.pdf y consultado el 10 de diciembre de 2021.		ES	Presente de manera constante en una población o región, ya sea de forma latente o activa, y comprobado mediante ensayos clínicos.	https://www.efsa.europa.eu/es/glossary/endemic	Autoridad Europea de Seguridad Alimentaria (EFSA). Endémico. Consultado el 10 de diciembre de 2021.		adjective						Food	Food Safety
evaluación de la exposición	EFSA - European Food Safety Authority		ES	Una de las etapas clave del proceso de evaluación de riesgos que consiste en evaluar minuciosamente quién, o qué, ha estado expuesto a un peligro y determinar las cantidades implicadas.	https://www.efsa.europa.eu/es/glossary/exposure-assessment	European Food Safety Authority, Glosario.		NOUN PHRASE							
ensayo de campo	EFSA - European Food Safety Authority		ES	Prueba realizada en los cultivos para determinar tanto la cantidad de plaguicidas presente tras las prácticas agrícolas normales como el tiempo que los plaguicidas y sus residuos persisten en los cultivos. Los resultados de los ensayos se utilizan para elaborar las normas que establecen las cantidades permitidas de residuos de plaguicidas en los productos alimenticios.	https://www.efsa.europa.eu/es/glossary/field-trial	European Food Safety Authority, Glosario.		NOUN PHRASE							
aromatizante	EFSA - European Food Safety Authority		ES	Ingrediente que se añade a los productos alimenticios para modificar su aroma u olor.	https://www.efsa.europa.eu/es/glossary/flavouring	European Food Safety Authority, Glosario.		NOUN							
aditivo alimentario	EFSA - European Food Safety Authority.		ES	Sustancia añadida deliberadamente a alimentos o bebidas por razones técnicas beneficiosas (por ejemplo, para conservar, colorear o conferir una textura particular). Los aditivos alimentarios no suelen consumirse solos ni utilizarse como ingredientes en la comida.	https://www.efsa.europa.eu/es/glossary/food-additive	European Food Safety Authority, Glosario.		NOUN							
enfermedad transmitida por los alimentos	EFSA - European Food Safety Authority		ES	Enfermedad causada por alimentos o bebidas que han sido contaminados por toxinas o microbios nocivos (por ejemplo, bacterias o virus).	https://www.efsa.europa.eu/es/glossary/foodborne-disease	European Food Safety Authority, Glosario.		NOUN PHRASE							
brote de origen alimentario	Portal web del Ayuntamiento de Madrid. Preguntas frecuentes. Emergencias alimentarias. Recuperado a partir de https://www.madrid.es/portales/munimadrid/es/Inicio/Servicios-sociales-y-salud/Salud/Preguntas-Frecuentes-Emergencias-alimentarias/?vgnextfmt=default&vgnextoid=ba0e5f7da44b2110VgnVCM1000000b205a0aRCRD&vgnextchannel=0815c8eb248fe410VgnVCM1000000b205a0aRCRD y consultado el 11 de diciembre de 2021.		ES	Se produce cuando dos o más personas desarrollan la misma enfermedad transmitida por alimentos después de comer o beber lo mismo.	https://www.efsa.europa.eu/es/glossary/foodborne-outbreak	Autoridad Europea de Seguridad Alimentaria (EFSA). Brote de origen alimentario. Consultado el 11 de diciembre de 2021.		noun phrase		BOA; brote de ETA		brote de enfermedades transmitidas por alimentos; brote de alimentos		Food	Food Safety
alegación funcional genérica	Autoridad Europea de Seguridad Alimentaria (EFSA). Alegación funcional genérica. Recuperado a partir de https://www.efsa.europa.eu/es/glossary/foodborne-outbreak y consultado el 11 de diciembre de 2021.		ES	Tipo de alegación de propiedades saludables según la cual se infiere que un nutriente o ingrediente alimentario puede influir en el mantenimiento de un estado de salud o un rendimiento normales, o ayudar al control de peso.	https://www.efsa.europa.eu/es/glossary/general-function-claim	Autoridad Europea de Seguridad Alimentaria (EFSA). Alegación funcional genérica. Consultado el 11 de diciembre de 2021.		noun phrase						Food	Food Safety
diversidad genética	Portal Oficial del Estado Argentino. Diversidad genética. ¿Qué es? Recuperado a partir de https://www.argentina.gob.ar/ambiente/biodiversidad/genetica y consultado el 12 de diciembre de 2021.		ES	Variedad en los diferentes tipos de genes entre especies y dentro de una especie.	https://www.efsa.europa.eu/es/glossary/genetic-diversity	Autoridad Europea de Seguridad Alimentaria (EFSA). Diversidad genética. Consultado el 12 de diciembre de 2021.		noun phrase						Food	Food Safety
organismo modificado genéticamente	Dirección General de Producciones y Mercados Agrarios del Ministerio de Agricultura, Alimentación y Medio Ambiente. Preguntas frecuentes. Recuperado a partir de https://www.miteco.gob.es/es/calidad-y-evaluacion-ambiental/temas/biotecnologia/preguntasfrecuentesomg2_tcm30-189175.pdf y consultado el 12 de diciembre de 2021.		ES	Un organismo modificado genéticamente (OMG) es un organismo que contiene material genético que se ha alterado deliberadamente y que no se produce de manera natural a través de la cría o la selección.	https://www.efsa.europa.eu/es/glossary/gmo	Autoridad Europea de Seguridad Alimentaria (EFSA). OMG. Consultado el 12 de diciembre de 2021.		noun phrase	organismo genéticamente modificado	OMG				Food	Food Safety
genoma	Diccionario Enciclopédico de la Legislación Sanitaria Argentina. Genoma humano. Recuperado a partir de https://salud.gob.ar/dels/entradas/genoma-humano y consultado el 12 de diciembre de 2021.		ES	Secuencia de nucleótidos que constituye el ADN de un individuo o de una especie.	https://dle.rae.es/genoma?m=form	Real Academia Española. Genoma. Diccionario de la Lengua Española. Consultado el 12 de diciembre de 2021.		noun						Food	Food Safety
genotoxicidad	Valencia Quintana, R., Sánchez Alarcón, J., Gómez Arroyo, S., Cortés Eslava, J., Waliszewski, S., Fernández, S., & Villalobos Pietrini, R. (2013). Genotoxicidad de plaguicidas en sistemas vegetales. Revista Internacional De Contaminación Ambiental, 29, 133–157. Recuperado a partir de https://www.revistascca.unam.mx/rica/index.php/rica/article/view/41611 y consultado el 26 de diciembre de 2021.		ES	Capacidad de una substancia de dañar al ADN de las células.	https://www.efsa.europa.eu/es/glossary/genotoxicity	Autoridad Europea de Seguridad Alimentaria (EFSA). Genotoxicidad. Consultado el 26 de diciembre de 2021.		noun						Food	Food Safety
genotipado	Universitat de Valencia. Servicio Central de Soporte a la Investigación Experimental (SCSIE). Genómica. Recuperado a partir de https://www.uv.es/uvweb/servicio-central-soporte-investigacion-experimental/es/organizacion/scsie-burjassot-paterna/genomica/servicios/marcadores-moleculares-genotipado-1285889341376.html y consultado el 29 de diciembre de 2021.		ES	Método de visualización de uno o más genes en un organismo vivo. Suele emplearse como medio para comprender un rasgo concreto.	https://www.efsa.europa.eu/es/glossary/genotyping	Autoridad Europea de Seguridad Alimentaria (EFSA). Genotipado. Consultado el 29 de diciembre de 2021.		noun				genotipificación		Food	Food Safety
género	Gobierno de México. Nombre científico: nomenclatura binomial de los organismos vivos. Recuperado a partir de https://www.gob.mx/siap/articulos/nombre-cientifico-nomenclatura-binomial-de-los-organismos-vivos y consultado el 11 de febrero de 2022.		ES	Método reconocido para categorizar especies de organismos estrechamente relacionados. El género es la primera parte del nombre latino de una especie; por ejemplo, el Homo sapiens (el ser humano) es parte del género Homo.	https://www.efsa.europa.eu/es/glossary/genus	Autoridad Europea de Seguridad Alimentaria (EFSA). Género. Consultado el 11 de febrero de 2022.	Esta definición se refiere al ámbito de la biología. La palabra "género" también tiene otros significados.	noun						Food	Food Safety
BPL	Entidad Nacional de Acreditación (ENAC). Buenas prácticas de laboratorio (BPL). Recuperado a partir de https://www.enac.es/que-hacemos/otros-servicios/buenas-practicas-de-laboratorio-bpl- y consultado el 11 de febrero de 2022.		ES	Las buenas prácticas de laboratorio (BPL) son una forma normalizada de planificar y realizar estudios de laboratorio así como de redactar informes sobre los mismos para garantizar un alto nivel de calidad y fiabilidad.	https://www.efsa.europa.eu/es/glossary/glp	Autoridad Europea de Seguridad Alimentaria (EFSA). BPL. Consultado el 11 de febrero de 2022.		noun phrase	buenas prácticas de laboratorio					Food	Food Safety
OMG	European Food Safety Authority, OMG, https://www.efsa.europa.eu/es/topics/topic/gmo		ES	Un organismo modificado genéticamente (OMG) es un organismo que contiene material genético que se ha alterado deliberadamente y que no se produce de manera natural a través de la cría o la selección.	https://www.efsa.europa.eu/es/search?s=omg	European Food Safety Authority, OMG		noun						Food	Food Safety
organismo no diana del OMG	European Food Safety Authority, Evaluación de impacto ambiental, https://www.efsa.europa.eu/es/topics/topic/environmental-risk-assessment		ES	Organismo que no está modificado genéticamente pero que puede interactuar con un organismo modificado genéticamente o verse afectado por su presencia.	https://www.efsa.europa.eu/es/glossary/gmo-non-target-organism	European Foos Safety Authority, Organismo no diana del OMG		noun phrase						Food	Food Safety
APPCC	EFSA - European Food Safety Authority.	Análisis de Peligros y Puntos de Control Crítico	ES	Sistema que identifica, evalúa y controla los peligros para la seguridad alimentaria. Lo aplican las empresas alimentarias para garantizar que los alimentos se producen, almacenan y transportan de forma segura.	https://www.efsa.europa.eu/es/glossary/haccp	European Food Safety Authority, Glosario.		NOUN PHRASE							
declaraciones de propiedades saludables	Agencia Española de Seguridad Alimentaria y Nutrición, Declaraciones nutricionales y de propiedades saludables http://www.aesan.gob.es/AECOSAN/web/seguridad_alimentaria/detalle/declaraciones_nutricionales_saludables.htm		ES	Una declaración de propiedades saludables es cualquier declaración en el etiquetado, en la publicidad o en otros productos de marketing que indique que el consumo de un determinado alimento puede ser saludable como, por ejemplo, que un alimento puede ayudar a reforzar las defensas naturales del organismo o a mejorar la capacidad de aprendizaje.	https://www.efsa.europa.eu/es/topics/topic/health-claims	European Food Safety Authority, Declaraciones de propiedades saludables		noun phrase						Food	Food Safety
valor indicativo basado en criterios de salud	European Food Safety Authority, Bisfenol A https://www.efsa.europa.eu/es/topics/topic/bisphenol		ES	Orientaciones sobre el consumo seguro de sustancias que tienen en cuenta los datos actuales en materia de seguridad, las incertidumbres de dichos datos y la probable duración del consumo.	https://www.efsa.europa.eu/es/glossary/health-based-guidance-value	European Food Safety Authority, Valor indicativo basado en criterios de salud		noun phrase						Food	Food Safety
enfoque holístico	PROYECTO DE INFORME  sobre la responsabilidad de las empresas por los daños medioambientales  (2020/2027(INI)), Comisión de Asuntos Jurídicos, https://www.europarl.europa.eu/doceo/document/JURI-PR-660299_ES.pdf		ES	Enfoque de la evaluación de riesgos que tiene en cuenta la complejidad de las situaciones de la vida real.	https://www.efsa.europa.eu/es/glossary/holistic-approach	European Food Safety Authority, Enfoque holístico		noun						Food	Food Safety
incidencia	Instituto Nacional del Cáncer de Argentina, Estadísticas - Incidencia https://www.argentina.gob.ar/salud/instituto-nacional-del-cancer/estadisticas/incidencia		ES	Número de nuevos casos que se producen en un período de tiempo específico en una zona geográfica determinada; por ejemplo, el número anual de casos de gripe en Europa.	https://www.efsa.europa.eu/es/glossary/incidence	European Food Safety Authority, Incidencia		noun						Food	Food Safety
ingrediente	European Food Safety Authority, Solicitudes de autorización de ingredientes alimentarios: descripción general y procedimiento, https://www.efsa.europa.eu/es/applications/food-improvement-agents		ES	Cosa que entra con otras en un remedio, una bebida, un guisado u otro compuesto.	http://dle.rae.es/ingrediente?m=form	Real Academia Española. Diccionario de la lengua española, Eficacia..		noun				componente, constituyente		Food	Food Safety
compuesto inorgánico	Portal Académico CCH, https://portalacademico.cch.unam.mx/materiales/prof/matdidac/sitpro/exp/quim/quim2/quimicII/4f415f5175c3a95f7469706f5f64655f73757374616e636961735f7469656e656e5f6c6f735f616c696d656e746f73.pdf		ES	Sustancia química que por lo general no contiene carbono; por ejemplo, el agua, el oxígeno o el cloruro de sodio.	https://www.efsa.europa.eu/es/glossary/inorganic-compound	European Food Safety Authority, Compuesto inorgánico		noun phrase						Food	Food Safety
insecticida	European Food Safety Authority, Neonicotinoides: la EFSA evalúa los usos de emergencia en la remolacha azucarera en 2020/21, https://www.efsa.europa.eu/es/news/neonicotinoids-efsa-assesses-emergency-uses-sugar-beet-202021		ES	Sustancia utilizada para matar insectos.	https://www.efsa.europa.eu/es/search?s=insecticida	European Food Safety Authority, Insecticida		noun						Food	Food Safety
ingesta	European Food Safety Authority, Complementos alimenticios, https://www.efsa.europa.eu/es/topics/topic/food-supplements		ES	Cantidad de una sustancia (por ejemplo, un nutriente o una sustancia química) que ingiere una persona o un animal a través de la dieta.	https://www.efsa.europa.eu/es/search?s=ingesta	European Food Safety Authority, Ingesta		noun						Food	Food Safety
estimación del límite inferior	AESAN-2011-009 (30 de noviembre de 2011). Informe del Comité Científico de la Agencia Española de Seguridad Alimentaria y Nutrición (AESAN) en relación a la evaluación del riesgo de la exposición de la población española a cadmio por consumo de alimentos. (https://www.aesan.gob.es/AECOSAN/docs/documentos/seguridad_alimentaria/evaluacion_riesgos/informes_comite/CADMIO_ALIMENTOS.pdf) (30 de enero de 2022)		ES	Estimación de la exposición mínima a una sustancia potencialmente nociva, normalmente igual a cero, que tiene en cuenta el consumo normal de alimentos que contienen cantidades insignificantes de la sustancia.	https://www.efsa.europa.eu/es/glossary/lower-bound-estimate	European Food Safety Authority, Estimación del límite inferior (30 de enero de 2022)		noun phrase		LB				Food	Food Safety
nivel más bajo con efecto adverso observado	European Food Safety Authority, Glucoalcaloides en las patatas: evaluación de los riesgos para la salud pública (https://www.efsa.europa.eu/es/news/glycoalkaloids-potatoes-public-health-risks-assessed) (30 de enero de 2022)		ES	Nivel mínimo de una sustancia que se ha observado que causa daños en una población expuesta.	https://www.efsa.europa.eu/es/glossary/lowest-observed-adverse-effect-level	European Food Safety Authority, Nivel más bajo con efecto adverso observado (30 de enero de 2022)		noun phrase						Food	Food Safety
macronutriente	European Food Safety Authority, Valores nutricionales de referencia (https://www.efsa.europa.eu/es/topics/topic/dietary-reference-values) (30 de enero de 2022)		ES	Componente de los alimentos que contiene calorías (p. ej., grasas, proteínas o carbohidratos) y que se necesita en cantidades importantes para el crecimiento normal, el desarrollo y el mantenimiento de la salud.	https://www.efsa.europa.eu/es/glossary/macronutrient	European Food Safety Authority, Macronutriente (30 de enero de 2022)		noun						Food	Food Safety
margen de seguridad	Principles and Methods for the Risk Assessment of Chemicals in Food (SPANISH SUMMARY) (http://apps.who.int/iris/bitstream/handle/10665/44065/WHO_EHC_240_16_eng_summary_spa.pdf;jsessionid=D5A87D30BF0D7C56362C2D43EA914F99?sequence=16) (31 de enero de 2022)		ES	Diferencia entre la ingesta real de una sustancia por parte de una población determinada y la dosis diaria estimada que se consume durante toda la vida y que los expertos consideran segura.	https://www.efsa.europa.eu/es/glossary/margin-safety	European Food Safety Authority, Margen de seguridad (31 de enero de 2022)		noun phrase						Food	Food Safety
nivel máximo permitido	AESAN-2011-004 (18 de mayo de 2011). Informe del Comité Científico de la Agencia Española de Seguridad Alimentaria y Nutrición (AESAN) en relación a la evaluación del riesgo de la exposición de lactantes y niños de corta edad a nitratos por consumo de acelgas en España. (https://www.aesan.gob.es/AECOSAN/docs/documentos/seguridad_alimentaria/evaluacion_riesgos/informes_comite/NITRATOS_ACELGAS.pdf) (31 de enero de 2022)		ES	Cantidad máxima de un contaminante, una toxina natural o un nutriente que se permite en alimentos o piensos.	https://www.efsa.europa.eu/es/glossary/maximum-permitted-level	European Food Safety Authority, Nivel máximo permitido (31 de enero de 2022)		noun phrase				límite máximo permitido		Food	Food Safety
límite máximo de residuos de plaguicidas	Codex Alimentarius. Normas internacionales de los alimentos. (https://www.fao.org/fao-who-codexalimentarius/codex-texts/maximum-residue-limits/es/) (31 de enero de 2022)		ES	Cantidad máxima de residuos de plaguicidas que se permite en alimentos o piensos, expresada en miligramos por kilogramo	https://www.efsa.europa.eu/es/glossary/maximum-residue-level-pesticides	European Food Safety Authority, Límite máximo de residuos de plaguicidas (31 de enero de 2022)		noun phrase			LMR de plaguicidas			Food	Food Safety
tipificación molecular	European Food Safety Authority, Tipificación molecular (31 de enero de 2022)		ES	Forma de identificar cepas específicas de organismos analizando su material genético. Suele utilizarse para caracterizar bacterias o virus.	https://www.efsa.europa.eu/es/glossary/molecular-typing	European Food Safety Authority, Tipificación molecular (31 de enero de 2022)		noun phrase						Food	Food Safety
mutagenicidad	Revista del comité científico de la AECOSAN n° 19 (2004). (https://www.aesan.gob.es/AECOSAN/docs/documentos/publicaciones/revistas_comite_cientifico/comite_cientifico_19.pdf) (1 de febrero de 2022)		ES	Capacidad de provocar cambios permanentes, normalmente negativos, en un organismo y en su descendencia modificando la estructura de su ADN.	https://www.efsa.europa.eu/es/glossary/mutagenicity	European Food Safety Authority, Mutagenicidad (1 de febrero 2022)		noun						Food	Food Safety
micotoxina	Agencia Española de Consumo Seguridad Alimentaria y Nutrición. Micotoxinas (http://www.aesan.gob.es/AECOSAN/web/seguridad_alimentaria/subdetalle/micotoxinas.htm) (1 de febrero de 2022)		ES	Metabolito fúngico cuya ingestión, inhalación o absorción cutánea reduce la actividad, hace enfermar o causa la muerte de animales (sin excluir las aves) y personas.	https://www.fao.org/3/y1390s/y1390s02.htm	Manual Sobre la Aplicación del Sistema de Análisis de Peligros y de Puntos Críticos de Control (APPCC) en la Prevención y Control de las Micotoxinas, FAO/OIEA, 2003 (http://www.fao.org/3/y1390s/y1390s02.htm) (1 de febrero 2022)		noun						Food	Food Safety
nanomaterial	Agencia Española de Consumo Seguridad Alimentaria y Nutrición. Jornada de nanotecnología. (https://www.aesan.gob.es/AECOSAN/web/noticias_y_actualizaciones/noticias/2016/jornada_nanotecnologia.htm) (1 de febrero de 2022)		ES	Material natural o manufacturado que contiene unidades minúsculas que suelen medir entre 1 y 100 nanómetros.	https://www.efsa.europa.eu/es/glossary/nanomaterial	European Food Safety Authority, Nanomaterial (1 de febrero 2022)		noun						Food	Food Safety
nanociencia	FAO, Reunión Conjunta FAO/OMS de Expertos acerca de la aplicación de la nanotecnología en los sectores alimentario y agropecuario: posibles consecuencias para la inocuidad de los alimentos. Informe de la reunión (https://www.fao.org/3/i1434s/i1434s.pdf)		ES	La nanociencia estudia los fenómenos y la manipulación de materiales en la nanoescala, donde las propiedades son muy diferentes a las que encontramos en la escala convencional.	https://www.greenfacts.org/es/glosario/mno/nanociencia.htm	GreenFacts, Glosario, Nanociencia (Fuente: basado en CCRSERI - Adecuación de las metodologías actuales a la hora de evaluar los riesgos potenciales derivados de productos industriales o adventicios de las nanotecnologías [en])		noun						Food	Food Safety
neurotoxicidad	Comité Científico de la AESAN, Informe del Comité Científico de la Agencia Española de Seguridad Alimentaria y Nutrición (AESAN) sobre el riesgo asociado a la presencia de plomo en carne de caza silvestre en España (https://www.aesan.gob.es/AECOSAN/docs/documentos/seguridad_alimentaria/evaluacion_riesgos/informes_comite/PLOMO_CAZA.pdf)		ES	Todo efecto adverso sobre el sistema nervioso (por ejemplo, la parálisis o la pérdida de una función) resultante de la exposición a sustancias potencialmente tóxicas.	https://www.efsa.europa.eu/es/glossary/neurotoxicity	European Food Safety Authority, Neurotoxicidad.		noun						Food	Food Safety
balance de nitrógeno	Hervé, Dominique, Mita, Víctor, & Coûteaux, Marie-Madeleine. (2006). Construcción de un balance de nitrógeno en cultivos de papa bajo rotación con largo descanso. Ecología en Bolivia, 41(3), 133-153. Recuperado en 08 de enero de 2022, de http://www.scielo.org.bo/scielo.php?script=sci_arttext&pid=S1605-25282006001200010&lng=es&tlng=es.		ES	Diferencia entre la ingesta de nitrógeno procedente de la dieta (principalmente de las proteínas) y la cantidad de nitrógeno que se pierde en los desechos del organismo (por ejemplo, las heces).	https://www.efsa.europa.eu/es/glossary-taxonomy-terms/b	European Food Safety Authority, Balance de nitrógeno.		noun phrase		BN		balance nitrogenado		Food	Food Safety
compuesto orgánico	AESAN, Furano (https://www.aesan.gob.es/AECOSAN/web/seguridad_alimentaria/ampliacion/furano.htm)		ES	Sustancia química que contiene carbono, suele proceder de vegetales, animales o bacterias.	https://www.efsa.europa.eu/es/glossary-taxonomy-terms/c	European Food Safety Authority, Compuesto orgánico.		noun phrase						Food	Food Safety
organismo	FDA, Organismos que causan enfermedades transmitidas por los alimentos en los EE.UU. (https://www.fda.gov/food/what-you-need-know-about-foodborne-illnesses/organismos-que-causan-enfermedades-transmitidas-por-los-alimentos-en-los-eeuu)		ES	Un ser viviente, como los animales, las plantas, las bacterias y los hongos.	https://www.cancer.gov/espanol/publicaciones/diccionarios/diccionario-cancer/def/organismo	Instituto Nacional del Cáncer, Diccionario de cáncer, Organismo.		noun						Food	Food Safety
NAF	FAO, B. Torún, Importancia de la actividad física habitual en las recomendaciones de energía dietética para niños y adultos (https://www.fao.org/3/y3800m/y3800m05.htm)		ES	El nivel de actividad física (NAF) es una forma de calcular la actividad física de una persona analizando la cantidad de energía (calorías) utilizada a lo largo de 24 horas en relación con la cantidad de energía necesaria para alimentar al organismo en reposo.	https://www.efsa.europa.eu/es/glossary-taxonomy-terms/n	European Food Safety Authority, NAF.		noun						Food	Food Safety
pandemia	OPS, La OMS caracteriza a COVID-19 como una pandemia (https://www3.paho.org/hq/index.php?option=com_content&view=article&id=15756:who-characterizes-covid-19-as-a-pandemic&Itemid=1926&lang=es)		ES	Epidemia de amplia difusión que afecta a una región, a un continente o a todo el planeta.	https://www.efsa.europa.eu/es/glossary-taxonomy-terms/p	European Food Safety Authority, Pandemia.		noun						Food	Food Safety
patógeno	FDA, Los 14 patógenos principales transmitidos por los alimentos de Seguridad alimentaria para futuras mamás (https://www.fda.gov/food/people-risk-foodborne-illness/los-14-patogenos-principales-transmitidos-por-los-alimentos-de-seguridad-alimentaria-para-futuras)		ES	Organismos, incluidos virus, bacterias o quistes, capaces de causar una enfermedad (tifus, cólera, disentería) en un receptor (por ejemplo una persona). Hay diversos tipos de organismos que NO causan enfermedades. Estos se denominan no patógenos.	https://www.greenfacts.org/es/glosario/mno/organismos-patogenos.htm	GreenFacts, Glosario, Organismos patógenos(Fuente: US EPA Drinking Water Glossary, A Dictionary of Technical and Legal Terms Related to Drinking Water traducido por GreenFacts)		noun				agente patógeno, agente biológico patógeno, organismo patógeno		Food	Food Safety
interacción huésped-patógeno	Muñoz Gómez, Amalia (2015) Estudio de la interacción molecular huésped-patógeno utilizando el modelo insecto-hongo Galleria mellonella-Fusarium oxysporum, mediante la caracterización de genes, proteínas y péptidos de defensa provenientes de la respuesta humoral innata y del ataque fúngico (https://bibliotecadigital.udea.edu.co/bitstream/10495/3094/1/Mu%C3%B1ozG%C3%B3mezA_2015_EstudioInteraccionMolecular.pdf)		ES	Interacción entre un patógeno (organismo, como una bacteria, un virus o un parásito, que provoca enfermedades) y el organismo vivo, o huésped, que puede desarrollar la enfermedad.	https://www.efsa.europa.eu/es/glossary-taxonomy-terms/i	European Food Safety Authority, Interacción huésped-patógeno.		noun phrase						Food	Food Safety
Nivel de Actividad Física	WHO - World Health Organization.		ES	Una forma de calcular la actividad física de una persona analizando la cantidad de energía (calorías) utilizada a lo largo de 24 horas en relación con la cantidad de energía necesaria para alimentar al organismo en reposo.	https://www.efsa.europa.eu/es/glossary/pal	European Food Safety Authority, Glosario.		NOUN PHRASE							
QPS	European Food Safety Authority, Presunción cualificada de seguridad (QPS) (https://www.efsa.europa.eu/es/topics/topic/qualified-presumption-safety-qps)	Se mantiene la sigla inglesa QPS, abreviatura de “qualified presumption of safety”. La traducción española de la expresión es “presunción cualificada de seguridad”.	ES	Abreviatura de «qualified presumption of safety» (presunción cualificada de seguridad), un procedimiento de evaluación de la seguridad de los microbios que se utilizan en la cadena alimentaria. El método QPS utiliza los conocimientos existentes sobre la seguridad de microbios específicos para distinguir aquellos que no son motivo de preocupación (y pueden obtener la condición de QPS) de aquellos que podrían representar un riesgo y deben someterse a una evaluación de seguridad completa.	https://www.efsa.europa.eu/es/glossary/qps	European Food Safety Authority, QPS.		noun						Food	Food Safety
QSAR	Agencia Europea de Sustancias y Mezclas Químicas, 2016 . Guía práctica sobre cómo utilizar e informar (Q)SARs (https://echa.europa.eu/documents/10162/13655/pg_report_qsars_es.pdf/f0b8a10a-fa73-43a7-8e53-b2a8990f4fb5)		ES	Abreviatura de «quantitative/qualitative structure activity relationships» (relaciones cuantitativas/cualitativas entre estructura y actividad), un conjunto de métodos mediante los cuales se relacionan los efectos de diferentes compuestos a sus estructuras moleculares. Permite predecir los probables efectos adversos o beneficiosos de una sustancia química determinada al compararla con otras que poseen estructuras similares.	https://www.efsa.europa.eu/es/glossary/qsar	EFSA - European Food Safety Authority. Glosario.		noun						Food	Food Safety
Presunción cualificada de seguridad (QPS)	EFSA - European Food Safety Authority. Presunción cualificada de seguridad (QPS) (https://www.efsa.europa.eu/es/topics/topic/qualified-presumption-safety-qps)		ES	Procedimiento de evaluación de la seguridad de los microbios que se utilizan en la cadena alimentaria.	https://www.efsa.europa.eu/es/glossary/qualified-presumption-safety	EFSA - European Food Safety Authority. Glosario.		noun phrase						Food	Food Safety
relaciones cuantitativas/cualitativas entre estructura y actividad	Goode-Romero, Aguayo-Ortiz y Domínguez. Relaciones cuantitativas estructura-actividad/propiedad en dos dimensiones empleando el programa R. (http://www.revistas.unam.mx/index.php/req/article/view/67211/61180)		ES	Conjunto de métodos mediante los cuales se relacionan los efectos de diferentes compuestos a sus estructuras moleculares. Permite predecir los probables efectos adversos o beneficiosos de una sustancia química determinada al compararla con otras que poseen estructuras similares.	https://www.efsa.europa.eu/es/glossary/quantitativequalitative-structure-activity-relationships	EFSA - European Food Safety Authority. Glosario.		noun phrase						Food	Food Safety
Alimentos listos para el consumo	FDA. Alimentos listos para consumir de Seguridad alimentaria para futuras mamas (https://www.fda.gov/food/people-risk-foodborne-illness/alimentos-listos-para-consumir-de-seguridad-alimentaria-para-futuras-mamas)		ES	Alimentos preparados por el productor para su consumo directo sin necesidad de cocinarlos ni someterlos a ningún tratamiento.	https://www.efsa.europa.eu/es/glossary/ready-eat-food	EFSA - European Food Safety Authority. Glosario.		noun phrase						Food	Food Safety
Plásticos reciclados	EFSA - European Food Safety Authority. Plásticos y reciclado de plásticos (https://www.efsa.europa.eu/es/topics/topic/plastics-and-plastic-recycling)		ES	Nuevos productos o materiales plásticos fabricados a partir de residuos plásticos reciclados.	https://www.efsa.europa.eu/es/glossary/recycled-plastics	EFSA - European Food Safety Authority. Glosario.		noun phrase						Food	Food Safety
sustitución, reducción y perfeccionamiento (3R)	EFSA - European Food Safety Authority. Alternativas a los ensayos con animales (https://www.efsa.europa.eu/es/topics/topic/alternatives-animal-testing)		ES	Enfoque aceptado internacionalmente que consiste en reducir el uso de animales en la investigación y que requiere, siempre que sea posible, que en los estudios se empleen modelos alternativos o se perfeccionen los métodos existentes con el fin de reducir al mínimo el sufrimiento cuando se utilicen animales.	https://www.efsa.europa.eu/es/glossary/replacement-reduction-and-refinement-3rs	EFSA - European Food Safety Authority. Glosario.		noun phrase						Food	Food Safety
suma de respuestas	Sociedad Española de Sanidad Ambiental. La evaluación de riesgos en la salud Guía metodológica. Pag. 13 (https://www.diba.cat/documents/467843/96195101/Evaluacion_riesgos_salud_Guia_metodologica.pdf/37481f80-8641-4a42-a647-eb7f24808d33)	Este enfoque solo tiene validez si los componentes individuales no interactúan entre sí, es decir, si sus efectos son completamente independientes.	ES	Enfoque destinado a evaluar los riesgos de las mezclas de sustancias que consiste en establecer y combinar las respuestas que se obtienen con cada componente individual con el fin de predecir la respuesta a la mezcla en su conjunto.	https://www.efsa.europa.eu/es/glossary/response-addition	EFSA - European Food Safety Authority. Glosario.		noun phrase						Food	Food Safety
evaluación del riesgo	EFSA - European Food Safety Authority. Colaboración en la evaluación de riesgos. (https://www.efsa.europa.eu/es/stakeholders/engagement-risk-assessment)		ES	Ámbito especializado de las ciencias aplicadas que consiste en revisar datos y estudios científicos con el fin de evaluar los riesgos asociados a determinados peligros. Consta de cuatro etapas: identificación del peligro, caracterización del peligro, evaluación de la exposición y caracterización del riesgo.	https://www.efsa.europa.eu/es/glossary/risk-assessment	EFSA - European Food Safety Authority. Glosario.		noun phrase						Food	Food Safety
caracterización del riesgo	ECHA - European Chemicals Agency. Evaluación de la exposición y caracterización del riesgo. (https://echa.europa.eu/es/exposure-assessment-and-risk-characterisation-recommendations)		ES	Última etapa de la evaluación de riesgos en la que se calcula la probabilidad de que una determinada sustancia provoque daños, teniendo en cuenta la naturaleza del peligro y el grado en que están expuestos las personas, los animales, las plantas o el medio ambiente.	https://www.efsa.europa.eu/es/glossary/risk-characterisation	EFSA - European Food Safety Authority. Glosario.		noun phrase						Food	Food Safety
gestión del riesgo	Elika Seguridad alimentaria. Gestión de Riesgos (https://seguridadalimentaria.elika.eus/analisis-de-riesgos/gestion-de-riesgos/)		ES	Gestión de los riesgos que se han identificado en la evaluación de riesgos. Incluye la planificación, aplicación y evaluación de las medidas adoptadas al efecto para proteger a los consumidores, los animales y el medio ambiente.	https://www.efsa.europa.eu/es/glossary/risk-management	EFSA - European Food Safety Authority. Glosario.		noun phrase						Food	Food Safety
clasificación de riesgos	European Food Safety Authority, casificación de riesgos (https://www.efsa.europa.eu/es)		ES	Método de priorización de riesgos en función de su probabilidad y gravedad.	clasificación de riesgos | EFSA (europa.eu)	European Food Safety Authority (https://www.efsa.europa.eu/es)		Noun Phrase						FOOD	Food Safety
plan de muestreo	Academia.edu.-Luisa Prieto, plan de muestreo		ES	Es un plan específico que indica el número de unidades de producto de cada lote que debeinspeccionarse y los criterios relacionados para determinar la aceptabilidad del lote (número deaceptación y rechazo).	(8) (DOC) PLAN DE MUESTREO | Luisa Prieto - Academia.edu	Academia.edu.-Luisa Prieto		Noun Phrase						FOOD	Food Safety
método de cribado	European Food Safety Authority, método de cribado (https://www.efsa.europa.eu/es)		ES	Método que constituye el primer paso para determinar la presencia de una sustancia en una población a efectos de estimar el riesgo asociado. La ingesta de alimentos se combina con la concentración probable de sustancias químicas para obtener una estimación de la exposición a las sustancias químicas.	método de cribado | EFSA (europa.eu)	European Food Safety Authority (https://www.efsa.europa.eu/es)		Noun Phrase						FOOD	Food Safety
distribución de la sensibilidad de la especie	European Food Safety Authority, distribución de la sensibilidad de la especie (https://www.efsa.europa.eu/es)		ES	Un modelo de la variación de la sensibilidad que presenta una especie ante una fuente nociva particular (por ejemplo, sequía, invasión de plagas o exposición a sustancias químicas).	SDD | EFSA (europa.eu)	European Food Safety Authority (https://www.efsa.europa.eu/es)		Noun Phrase	Species sensitivity distribution					FOOD	Food Safety
autoasignación	European Food Safety Authority, autoasignación (https://www.efsa.europa.eu/es)		ES	Proceso por el que la EFSA, en el curso de su actividad normal, identifica una cuestión que requiere ser examinada en profundidad.	autoasignación | EFSA (europa.eu)	European Food Safety Authority (https://www.efsa.europa.eu/es)		Noun						FOOD	Food Safety
degradación del suelo	European Food Safety Authority, degradación del suelo (https://www.efsa.europa.eu/es)		ES	Modificación de la calidad del suelo que afecta negativamente a su capacidad para alimentar o sustentar el ecosistema.	degradación del suelo | EFSA (europa.eu)	European Food Safety Authority (https://www.efsa.europa.eu/es)		Noun Phrase						FOOD	Food Safety
cultivo sin suelo	European Food Safety Authority, cultivo sin suelo (https://www.efsa.europa.eu/es)		ES	Cultivo de plantas en el que se utiliza una solución de nutrientes en lugar de tierra; también denominado «hidroponía».	cultivo sin suelo | EFSA (europa.eu)	European Food Safety Authority (https://www.efsa.europa.eu/es)		Noun Phrase						FOOD	Food Safety
IDT	European Food Safety Authority, IDT (https://www.efsa.europa.eu/es)		ES	La ingesta diaria tolerable (IDT) es una estimación de la cantidad de una sustancia presente en los alimentos o el agua potable que no se ha añadido deliberadamente (p. ej. contaminantes) y que puede consumirse durante toda la vida sin que se aprecie un riesgo sobre la salud.	IDT | EFSA (europa.eu)	European Food Safety Authority (https://www.efsa.europa.eu/es)		Noun Phrase	Ingesta diaria tolerable					FOOD	Food Safety
umbral	European Food Safety Authority, umbral (https://www.efsa.europa.eu/es)		ES	Dosis o exposición por debajo de la cual no se detectan efectos adversos.	umbral | EFSA (europa.eu)	European Food Safety Authority (https://www.efsa.europa.eu/es)		Noun						FOOD	Food Safety
umbral de preocupación toxicológica	European Food Safety Authority, umbral de preocupación toxicológica (https://www.efsa.europa.eu/es)		ES	Herramienta de cribado que proporciona límites de exposición prudentes en ausencia de datos toxicológicos suficientes sobre una sustancia química específica. Se trata de un enfoque científico para establecer prioridades entre los productos químicos con bajo nivel de exposición pero que requieren más datos y aquellos que supuestamente no presentan un riesgo apreciable para la salud humana.	umbral de preocupación toxicológica | EFSA (europa.eu)	European Food Safety Authority (https://www.efsa.europa.eu/es)		Noun Phrase		UPT				FOOD	Food Safety
enfoque escalonado	EFSA - European Food Safety Authority, Evaluación de impacto ambiental (https://www.efsa.europa.eu/es/topics/topic/environmental-risk-assessment)		ES	Forma de organizar las evaluaciones toxicológicas para maximizar la eficiencia y minimizar el empleo de animales. Incluye una jerarquía (escalones) de ensayos que empieza por los que utilizan información existente o métodos biológicos simples antes de pasar a los ensayos en los que se emplean células y, en último lugar, animales vivos solo cuando sea necesario.	https://www.efsa.europa.eu/es/glossary/tiered-approach	EFSA - European Food Safety Authority. Glosario.		Noun Phrase						FOOD	Food Safety
ingesta diaria tolerable	“Comer bien no es caro, el problema es que comer mal es muy barato” https://elpais.com/sociedad/2021-08-15/comer-bien-no-es-caro-el-problema-es-que-comer-mal-es-muy-barato.html		ES	Estimación de la cantidad de una sustancia presente en los alimentos o el agua potable que no se ha añadido deliberadamente (p. ej. contaminantes) y que puede consumirse durante toda la vida sin que se aprecie un riesgo sobre la salud.	https://www.efsa.europa.eu/es/glossary/tolerable-daily-intake	EFSA - European Food Safety Authority. Glosario.		Noun phrase		IDT				FOOD	Food Safety
nivel máximo de ingesta tolerable	EFSA - European Food Safety Authority La EFSA explica:  proyecto de dictamen científico sobre el  nivel máximo de ingesta tolerable de azúcares alimentarios https://www.efsa.europa.eu/sites/default/files/2021-07/sugars-factsheet-ES.pdf		ES	El nivel máximo de ingesta tolerable (NM) es un valor nutricional de referencia. Establece el nivel máximo de ingesta diaria a largo plazo de  un nutriente de cualquier origen que se considera improbable que suponga un riesgo de efectos adversos en la salud de los seres humanos.	https://www.efsa.europa.eu/sites/default/files/2021-07/sugars-factsheet-ES.pdf	EFSA - European Food Safety Authority La EFSA explica:  proyecto de dictamen científico sobre el  nivel máximo de ingesta tolerable de azúcares alimentarios.		Noun phrase		NM				FOOD	Food Safety
ingesta semanal tolerable	EFSA - European Food Safety Authority, Los PFAS en los alimentos: la EFSA evalúa los riesgos y establece una ingesta tolerable, 2020 https://www.efsa.europa.eu/es/news/pfas-food-efsa-assesses-risks-and-sets-tolerable-intake		ES	Ingesta máxima de sustancias presentes en los alimentos, como nutrientes o contaminantes, que pueden consumirse semanalmente durante toda la vida sin riesgo de efectos adversos para la salud.	https://www.efsa.europa.eu/es/glossary/tolerable-weekly-intake	EFSA - European Food Safety Authority. Glosario.		NOUN PHRASE		IST				FOOD	Food Safety
toxicidad	Diccionario de la lengua española - Real Academia española - https://dle.rae.es/toxicidad?m=form		ES	Grado de efectividad de una sustancia tóxica	https://dle.rae.es/toxicidad?m=form	Diccionario de la lengua española - Real Academia española		NOUN						FOOD	Food Safety
toxicodinámica	EFSA - European Food Safety Authority. Materiales en Contacto con Alimentos, Enzimas y Auxiliares Tecnológicos. https://www.efsa.europa.eu/es/science/scientific-committee-and-panels/cep		ES	Proceso de interacción de las sustancias químicas con el organismo y las reacciones subsiguientes que provocan efectos adversos.	https://www.efsa.europa.eu/es/search?s=toxicodin%C3%A1mica	EFSA - European Food Safety Authority. Glosario.		NOUN						FOOD	Food Safety
toxicocinética	EFSA - European Food Safety Authority. Contaminantes de la Cadena Alimentaria. https://www.efsa.europa.eu/es/science/scientific-committee-and-panels/contam		ES	Estudio de los procesos mediante los cuales se tratan las sustancias potencialmente tóxicas en el organismo. Implica comprender cómo funciona la absorción, la distribución, el metabolismo y la excreción de dichas sustancias.	https://www.efsa.europa.eu/es/search?s=toxicocin%C3%A9tica	EFSA - European Food Safety Authority. Glosario.		NOUN						FOOD	Food Safety
perfil toxicológico	Vilajeliu, M. Productos fitosanitarios en producción integrada de fruta. https://www.miteco.gob.es/ministerio/pags/Biblioteca/Revistas/pdf_vrural%2FVrural_2003_167_39_41.pdf		ES	Resumen de los efectos tóxicos de una sustancia determinada, incluidos los niveles de exposición en los que se producen estos efectos.	https://www.efsa.europa.eu/es/search?s=perfil+toxicol%C3%B3gico	EFSA - European Food Safety Authority. Glosario.		NOUN PHRASE						FOOD	Food Safety
valor de referencia toxicológico	EFSA - European Food Safety Authority - https://www.efsa.europa.eu/es/glossary/toxicological-reference-value		ES	Valor que define el nivel de una sustancia concreta al que pueden exponerse con seguridad las personas durante un período de tiempo determinado; por ejemplo, la ingesta diaria admisible (IDA).	https://www.efsa.europa.eu/es/glossary/toxicological-reference-value	EFSA - European Food Safety Authority		NOUN PHRASE						FOOD	Food Safety
incertidumbre	Diccionario de la lengua española - Real Academia española - https://dle.rae.es/incertidumbre?m=form		ES	Falta de certidumbre	https://dle.rae.es/incertidumbre?m=form	Diccionario de la lengua española - Real Academia española		NOUN				incerteza		FOOD	Food Safety
análisis de incertidumbre	Boletinagrario - Glosario - https://boletinagrario.com/ap-6,analisis+de+incertidumbre,1332.html		ES	Examen detallado de los errores sistemáticos y aleatorios de una medición o estimación, un proceso de análisis para proporcionar información sobre la incertidumbre.	https://boletinagrario.com/ap-6,analisis+de+incertidumbre,1332.html	Boletinagrario - Glosario		NOUN PHRASE						FOOD	Food Safety
estimación del límite superior	EFSA - European Food Safety Authority - https://www.efsa.europa.eu/es/glossary/upper-bound-estimate		ES	Forma de estimar la exposición a un compuesto determinado a partir de datos analíticos asignando el valor más bajo que puede ser detectado (o cuantificado) a todas las muestras que presentan niveles por debajo de este valor. En el caso de una sustancia química tóxica, este método ofrece la estimación de exposición más pesimista (es decir, el nivel real de exposición será siempre inferior a la estimación del límite superior).	https://www.efsa.europa.eu/es/glossary/upper-bound-estimate	EFSA - European Food Safety Authority		NOUN PHRASE						FOOD	Food Safety
variabilidad	EFSA - European Food Safety Authority - https://www.efsa.europa.eu/es/glossary/variability		ES	Variaciones naturales observadas entre los miembros de una población, u observadas a lo largo del tiempo o en distintos lugares geográficos; por ejemplo, variaciones individuales en la susceptibilidad a una sustancia tóxica particular.	https://www.efsa.europa.eu/es/glossary/variability	EFSA - European Food Safety Authority		NOUN						FOOD	Food Safety
vector	Directiva 2009/41/CE del Parlamento Europeo y del Consejo de 6 de mayo de 2009 relativa a la utilización confinada de microorganismos modificados genéticamente		ES	Portador de un agente patógeno de una persona infectada a una persona no infectada o a su alimento o entorno.	https://www.efsa.europa.eu/es/search?s=vector	EFSA - European Food Safety Authority, Glosario.		NOUN						FOOD	Food Safety
virulencia	European Food Safety Authority; Fiebre catarral ovina; https://www.efsa.europa.eu/es/topics/topic/bluetongue		ES	El grado o la capacidad de un organismo patógeno (por ejemplo, una bacteria, virus o parásito) de causar una enfermedad.	https://www.efsa.europa.eu/es/glossary/virulence	European Food Safety Authority. Glosario: virulencia		noun						FOOD	Food Safety
vitamina	Diccionario de la lengua española - Real Academia española - https://dle.rae.es/vitamina?m=form		ES	Cada una de las sustancias orgánicas que existen en los alimentos y que, en cantidades pequeñísimas, son necesarias para el perfecto equilibrio de las diferentes funciones vitales. Existen varios tipos, designados con las letras A, B, C, etc.	https://dle.rae.es/vitamina?m=form	Diccionario de la lengua española - Real Academia española		NOUN						FOOD	Food Safety
grupo vulnerable	Centro de Estudios Sociales y de Opinión Pública, "Definición", en Grupos Vulnerables, [Actualización: 20 de febrero de 2006].		ES	Grupo de personas a las que se ha de prestar una atención especial a la   hora de evaluar las necesidades nutricionales o los efectos para la   salud de las sustancias; por ejemplo, las mujeres embarazadas, los niños   y las personas expuestas a dosis superiores de sustancias a través de   su entorno.	https://www.efsa.europa.eu/es/glossary/vulnerable-group	EFSA - European Food Safety Authority		NOUN PHRASE						FOOD	Food Safety
ponderación de las pruebas	IATE - European Union Terminology https://iate.europa.eu/search/result/1644334010907/1		ES	Proceso en el que todas las pruebas relativas a una decisión se evalúan sobre la base de su solidez y calidad	https://www.efsa.europa.eu/es/glossary/weight-evidence	EFSA - European Food Safety Authority		Noun phrase						FOOD	Food Safety
secuenciación del genoma completo	European Food Safety Authority; Tipificación molecular; https://www.efsa.europa.eu/es/topics/topic/molecular-typing		ES	Visualización de la composición genética completa de un organismo determinado.	https://www.efsa.europa.eu/es/glossary/whole-genome-sequencing	European Food Safety Authority. Glosario: secuenciación del genoma completo		noun phrase						FOOD	Food Safety
zoonótico	European Food Safety Authority; Enfermedades zoonóticas no transmitidas por los alimentos; https://www.efsa.europa.eu/es/topics/topic/non-foodborne-zoonotic-diseases		ES	Adjetivo que califica las enfermedades e infecciones que pueden transmitirse entre animales y seres humanos.	https://www.efsa.europa.eu/es/glossary/zoonotic	European Food Safety Authority. Glosario: zoonótico		adjective						FOOD	Food Safety